,fips
0,1001.0
1,1003.0
2,1004.9999999999964
3,1007.0
4,1009.0
5,1011.0
6,1012.9999999999964
7,1015.0
8,1017.0
9,1019.0
10,1020.9999999999964
11,1023.0
12,1025.0
13,1029.0000000000036
14,1033.0
15,1037.0000000000036
16,1041.0
17,1043.0
18,1045.0000000000036
19,1049.0
20,1051.0
21,1053.0000000000036
22,1054.9999999999964
23,1057.0
24,1061.0000000000036
25,1065.0
26,1067.0
27,1069.0000000000036
28,1070.9999999999964
29,1073.0
30,1075.0
31,1077.0000000000036
32,1078.9999999999964
33,1081.0
34,1085.0000000000036
35,1086.9999999999964
36,1089.0
37,1091.0
38,1093.0000000000036
39,1094.9999999999964
40,1097.0
41,1099.0
42,1101.0
43,1102.9999999999964
44,1105.0
45,1107.0
46,1110.9999999999964
47,1115.0
48,1117.0
49,1121.0
50,1123.0
51,1125.0
52,1129.0
53,1131.0
54,1133.0
55,4003.0
56,4005.0
57,4007.0
58,4011.0
59,4012.0
60,4013.0
61,4015.0
62,4017.0
63,4019.0
64,4021.0
65,4023.0
66,4025.0
67,5001.0
68,5003.0
69,5007.0
70,5009.0
71,5011.0
72,5013.0
73,5015.0
74,5017.0
75,5019.0
76,5021.0
77,5023.0
78,5025.0
79,5027.0
80,5029.0
81,5031.0
82,5037.0
83,5039.0
84,5041.0
85,5043.0
86,5045.0
87,5047.0
88,5049.0
89,5051.0
90,5055.0
91,5057.0
92,5061.0
93,5063.0
94,5065.0
95,5069.0
96,5071.0
97,5073.0
98,5077.0
99,5081.0
100,5083.0
101,5085.0
102,5087.0
103,5089.0
104,5091.0
105,5093.0
106,5095.0
107,5097.0
108,5101.0
109,5103.0
110,5105.0
111,5107.0
112,5109.0
113,5113.0
114,5117.0
115,5119.0
116,5121.0
117,5125.0
118,5127.0
119,5129.0
120,5131.0
121,5135.0
122,5137.0
123,5139.0
124,5141.0
125,5143.0
126,5145.0
127,5147.0
128,5149.0
129,6001.0
130,6003.0
131,6005.0
132,6007.0
133,6009.0
134,6011.0
135,6013.0
136,6015.0
137,6017.0
138,6021.0
139,6025.0
140,6027.0
141,6031.0
142,6037.0
143,6039.0
144,6043.0
145,6045.0
146,6047.0
147,6049.0
148,6051.0
149,6053.0
150,6055.0
151,6057.0
152,6059.0
153,6061.0
154,6063.0
155,6065.0
156,6067.0
157,6071.0
158,6073.0
159,6075.0
160,6077.0
161,6079.0
162,6081.0
163,6083.0
164,6085.0
165,6093.0
166,6095.0
167,6097.0
168,6099.0
169,6101.0
170,6103.0
171,6105.0
172,6107.0
173,6109.0
174,6111.0
175,6113.0
176,6115.0
177,8001.0
178,8003.0
179,8011.0
180,8013.0
181,8014.0
182,8017.0
183,8019.0
184,8025.0
185,8027.0
186,8029.0
187,8031.0
188,8033.0
189,8035.0
190,8043.0
191,8045.0
192,8047.0
193,8049.0
194,8051.0
195,8053.0
196,8055.0
197,8057.0
198,8061.0
199,8063.0
200,8065.0
201,8067.0
202,8071.0
203,8073.0
204,8075.0
205,8077.0
206,8079.0
207,8085.0
208,8087.0
209,8093.0
210,8095.0
211,8097.0
212,8103.0
213,8105.0
214,8107.0
215,8109.0
216,8113.0
217,8115.0
218,8117.0
219,8119.0
220,8121.0
221,8123.0
222,9005.0
223,9007.0
224,9009.0
225,9011.0
226,9013.0
227,10001.0
228,10003.0
229,10005.0
230,11001.0
231,12001.0
232,12003.0
233,12007.0
234,12009.0
235,12011.0
236,12015.0
237,12017.0
238,12019.0
239,12021.0
240,12023.0
241,12027.0
242,12029.0
243,12031.0
244,12033.0
245,12035.0
246,12037.0
247,12039.0
248,12041.0
249,12043.0
250,12047.0
251,12049.0
252,12051.0
253,12057.0
254,12059.0
255,12061.0
256,12063.0
257,12065.0
258,12067.0
259,12069.0
260,12071.0
261,12073.0
262,12075.0
263,12077.0
264,12079.0
265,12085.0
266,12086.0
267,12087.0
268,12089.0
269,12091.0
270,12093.0
271,12095.0
272,12097.0
273,12101.0
274,12103.0
275,12105.0
276,12109.0
277,12113.0
278,12117.0
279,12119.0
280,12121.0
281,12125.0
282,12127.0
283,12131.0
284,13000.999999999998
285,13003.0
286,13004.999999999998
287,13011.0
288,13012.999999999998
289,13015.0
290,13016.999999999998
291,13019.0
292,13023.0
293,13024.999999999998
294,13027.0
295,13028.999999999998
296,13031.0
297,13032.999999999998
298,13035.0
299,13037.000000000002
300,13039.0
301,13043.0
302,13045.000000000002
303,13047.0
304,13049.000000000002
305,13053.000000000002
306,13055.0
307,13059.0
308,13061.000000000002
309,13063.0
310,13065.000000000002
311,13069.000000000002
312,13071.0
313,13073.0
314,13075.0
315,13077.0
316,13079.0
317,13081.0
318,13083.0
319,13085.0
320,13087.0
321,13089.0
322,13091.0
323,13093.0
324,13094.999999999998
325,13097.0
326,13098.999999999998
327,13101.0
328,13105.0
329,13106.999999999998
330,13109.0
331,13110.999999999998
332,13113.0
333,13114.999999999998
334,13118.999999999998
335,13121.0
336,13122.999999999998
337,13125.0
338,13126.999999999998
339,13129.0
340,13131.000000000002
341,13133.0
342,13135.000000000002
343,13137.0
344,13139.000000000002
345,13141.0
346,13143.000000000002
347,13145.0
348,13147.000000000002
349,13149.0
350,13151.000000000002
351,13155.000000000002
352,13157.0
353,13159.000000000002
354,13161.0
355,13163.000000000002
356,13165.0
357,13167.000000000002
358,13169.0
359,13171.0
360,13173.0
361,13175.0
362,13177.0
363,13179.0
364,13183.0
365,13187.0
366,13188.999999999998
367,13191.0
368,13192.999999999998
369,13195.0
370,13196.999999999998
371,13200.999999999998
372,13204.999999999998
373,13207.0
374,13208.999999999998
375,13211.0
376,13212.999999999998
377,13215.0
378,13216.999999999998
379,13219.0
380,13220.999999999998
381,13223.0
382,13224.999999999998
383,13227.0
384,13231.0
385,13235.0
386,13237.000000000002
387,13239.0
388,13243.0
389,13247.0
390,13251.0
391,13257.000000000002
392,13259.0
393,13267.0
394,13269.0
395,13271.0
396,13273.0
397,13279.0
398,13281.0
399,13282.999999999998
400,13285.0
401,13286.999999999998
402,13289.0
403,13290.999999999998
404,13293.0
405,13294.999999999998
406,13297.0
407,13298.999999999998
408,13301.0
409,13302.999999999998
410,13305.0
411,13309.0
412,13313.0
413,13314.999999999998
414,13317.0
415,13318.999999999998
416,13321.0
417,16001.0
418,16005.0
419,16009.0
420,16013.0
421,16015.0
422,16021.0
423,16023.0
424,16025.0
425,16031.0
426,16033.0
427,16035.0
428,16037.0
429,16039.0
430,16041.0
431,16043.0
432,16045.0
433,16047.0
434,16049.0
435,16051.0
436,16053.0
437,16055.0
438,16057.0
439,16059.0
440,16061.0
441,16065.0
442,16067.0
443,16069.0
444,16071.0
445,16073.0
446,16075.0
447,16077.0
448,16079.0
449,16081.0
450,16083.0
451,16085.0
452,16087.0
453,17001.0
454,17003.0
455,17005.0
456,17007.0
457,17009.0
458,17011.0
459,17015.0
460,17017.0
461,17019.0
462,17021.0
463,17023.0
464,17027.0
465,17029.0
466,17031.0
467,17035.0
468,17037.0
469,17039.0
470,17041.0
471,17043.0
472,17045.0
473,17047.0
474,17051.0
475,17057.0
476,17061.0
477,17063.0
478,17065.0
479,17067.0
480,17073.0
481,17075.0
482,17077.0
483,17079.0
484,17081.0
485,17083.0
486,17085.0
487,17087.0
488,17089.0
489,17091.0
490,17093.0
491,17097.0
492,17099.0
493,17103.0
494,17105.0
495,17107.0
496,17109.0
497,17111.0
498,17115.0
499,17117.0
500,17119.0
501,17123.0
502,17125.0
503,17127.0
504,17133.0
505,17135.0
506,17137.0
507,17141.0
508,17147.0
509,17149.0
510,17151.0
511,17153.0
512,17161.0
513,17163.0
514,17167.0
515,17169.0
516,17173.0
517,17175.0
518,17177.0
519,17179.0
520,17181.0
521,17183.0
522,17185.0
523,17191.0
524,17193.0
525,17195.0
526,17199.0
527,17201.0
528,17203.0
529,18001.0
530,18003.0
531,18009.0
532,18011.0
533,18013.0
534,18015.0
535,18019.0
536,18021.0
537,18023.0
538,18027.0
539,18029.0
540,18031.0
541,18035.0
542,18041.0
543,18043.0
544,18045.0
545,18047.0
546,18049.0
547,18051.0
548,18053.0
549,18057.0
550,18059.0
551,18061.0
552,18063.0
553,18065.0
554,18067.0
555,18069.0
556,18071.0
557,18073.0
558,18075.0
559,18079.0
560,18081.0
561,18083.0
562,18085.0
563,18087.0
564,18089.0
565,18091.0
566,18097.0
567,18099.0
568,18101.0
569,18103.0
570,18107.0
571,18109.0
572,18111.0
573,18113.0
574,18115.0
575,18119.0
576,18121.0
577,18125.0
578,18127.0
579,18129.0
580,18131.0
581,18133.0
582,18137.0
583,18143.0
584,18145.0
585,18147.0
586,18149.0
587,18151.0
588,18153.0
589,18155.0
590,18161.0
591,18165.0
592,18167.0
593,18169.0
594,18171.0
595,18173.0
596,18175.0
597,18177.0
598,18179.0
599,18181.0
600,19001.0
601,19003.0
602,19005.0
603,19007.0
604,19011.0
605,19015.0
606,19017.0
607,19019.0
608,19021.0
609,19023.0
610,19025.0
611,19027.0
612,19031.0
613,19035.0
614,19037.0
615,19039.0
616,19041.0
617,19043.0
618,19045.0
619,19047.0
620,19049.0
621,19051.0
622,19053.0
623,19055.0
624,19057.0
625,19059.0
626,19061.0
627,19063.0
628,19065.0
629,19067.0
630,19069.0
631,19071.0
632,19073.0
633,19075.0
634,19079.0
635,19081.0
636,19083.0
637,19085.0
638,19087.0
639,19089.0
640,19091.0
641,19093.0
642,19095.0
643,19097.0
644,19101.0
645,19107.0
646,19109.0
647,19111.0
648,19113.0
649,19115.0
650,19117.0
651,19119.0
652,19123.0
653,19125.0
654,19129.0
655,19133.0
656,19135.0
657,19137.0
658,19139.0
659,19141.0
660,19145.0
661,19147.0
662,19151.0
663,19153.0
664,19155.0
665,19157.0
666,19159.0
667,19161.0
668,19163.0
669,19165.0
670,19167.0
671,19169.0
672,19171.0
673,19173.0
674,19175.0
675,19179.0
676,19181.0
677,19183.0
678,19185.0
679,19187.0
680,19189.0
681,19191.0
682,19193.0
683,19195.0
684,19197.0
685,20001.0
686,20005.0
687,20007.0
688,20009.0
689,20011.0
690,20015.0
691,20019.0
692,20021.0
693,20023.0
694,20025.0
695,20027.0
696,20029.0
697,20031.0
698,20033.0
699,20035.0
700,20037.0
701,20039.0
702,20041.0
703,20043.0
704,20045.0
705,20047.0
706,20049.0
707,20051.0
708,20053.0
709,20055.0
710,20057.0
711,20059.0
712,20061.0
713,20063.0
714,20065.0
715,20067.0
716,20069.0
717,20073.0
718,20075.0
719,20077.0
720,20081.0
721,20083.0
722,20085.0
723,20087.0
724,20089.0
725,20091.0
726,20093.0
727,20095.0
728,20099.0
729,20101.0
730,20103.0
731,20107.0
732,20109.0
733,20111.0
734,20113.0
735,20115.0
736,20119.0
737,20121.0
738,20123.0
739,20125.0
740,20127.0
741,20129.0
742,20133.0
743,20135.0
744,20137.0
745,20141.0
746,20143.0
747,20145.0
748,20147.0
749,20149.0
750,20153.0
751,20155.0
752,20157.0
753,20159.0
754,20165.0
755,20167.0
756,20169.0
757,20173.0
758,20175.0
759,20177.0
760,20179.0
761,20181.0
762,20183.0
763,20185.0
764,20189.0
765,20191.0
766,20193.0
767,20195.0
768,20197.0
769,20199.0
770,20201.0
771,20203.0
772,20205.0
773,21001.0
774,21005.0
775,21007.0
776,21011.0
777,21015.0
778,21017.0
779,21021.0
780,21023.0
781,21025.0
782,21027.0
783,21029.0
784,21031.0
785,21033.0
786,21035.0
787,21037.0
788,21041.0
789,21045.0
790,21047.0
791,21049.0
792,21051.0
793,21053.0
794,21057.0
795,21059.0
796,21061.0
797,21063.0
798,21067.0
799,21069.0
800,21073.0
801,21075.0
802,21079.0
803,21081.0
804,21083.0
805,21085.0
806,21087.0
807,21089.0
808,21091.0
809,21093.0
810,21095.0
811,21097.0
812,21101.0
813,21103.0
814,21105.0
815,21107.0
816,21111.0
817,21113.0
818,21115.0
819,21117.0
820,21119.0
821,21121.0
822,21123.0
823,21125.0
824,21127.0
825,21129.0
826,21131.0
827,21133.0
828,21137.0
829,21141.0
830,21143.0
831,21145.0
832,21147.0
833,21151.0
834,21153.0
835,21155.0
836,21157.0
837,21161.0
838,21165.0
839,21167.0
840,21169.0
841,21173.0
842,21175.0
843,21177.0
844,21181.0
845,21189.0
846,21191.0
847,21195.0
848,21197.0
849,21199.0
850,21201.0
851,21203.0
852,21205.0
853,21207.0
854,21209.0
855,21211.0
856,21213.0
857,21215.0
858,21219.0
859,21221.0
860,21223.0
861,21227.0
862,21229.0
863,21233.0
864,21235.0
865,21237.0
866,22001.0
867,22005.0
868,22007.0
869,22011.0
870,22013.0
871,22015.0
872,22017.0
873,22019.0
874,22023.0
875,22025.0
876,22027.0
877,22029.0
878,22031.0
879,22033.0
880,22035.0
881,22037.0
882,22039.0
883,22041.0
884,22043.0
885,22045.0
886,22047.0
887,22049.0
888,22051.0
889,22053.0
890,22057.0
891,22059.0
892,22061.0
893,22063.0
894,22065.0
895,22067.0
896,22069.0
897,22071.0
898,22073.0
899,22075.0
900,22077.0
901,22079.0
902,22081.0
903,22083.0
904,22085.0
905,22087.0
906,22089.0
907,22095.0
908,22097.0
909,22101.0
910,22103.0
911,22107.0
912,22111.0
913,22113.0
914,22115.0
915,22119.0
916,22125.0
917,22127.0
918,23001.0
919,23003.0
920,23009.0
921,23011.0
922,23013.0
923,23015.0
924,23017.0
925,23019.0
926,23021.0
927,23023.0
928,23027.0
929,23029.0
930,23031.0
931,24003.0
932,24011.0
933,24013.0
934,24019.0
935,24021.0
936,24029.0
937,24031.0
938,24033.0
939,24035.0
940,24037.0
941,24043.0
942,24045.0
943,24047.0
944,24510.0
945,25001.0
946,25003.0
947,25007.0
948,25011.0
949,25013.0
950,25015.0
951,25019.0
952,25021.0
953,25025.0
954,25027.0
955,26003.0
956,26005.0
957,26009.0
958,26011.0
959,26015.0
960,26017.0
961,26023.0
962,26025.0
963,26027.0
964,26029.0
965,26033.0
966,26035.0
967,26037.0
968,26039.0
969,26041.0
970,26043.0
971,26047.0
972,26049.0
973,26051.0
974,26053.0
975,26057.0
976,26059.0
977,26061.0
978,26063.0
979,26065.0
980,26067.0
981,26069.0
982,26071.0
983,26073.0
984,26075.0
985,26077.0
986,26079.0
987,26081.0
988,26085.0
989,26087.0
990,26089.0
991,26091.0
992,26093.0
993,26095.0
994,26097.0
995,26099.0
996,26103.0
997,26105.0
998,26109.0
999,26111.0
1000,26113.0
1001,26119.0
1002,26121.0
1003,26123.0
1004,26125.0
1005,26127.0
1006,26129.0
1007,26131.0
1008,26133.0
1009,26137.0
1010,26139.0
1011,26143.0
1012,26145.0
1013,26147.0
1014,26149.0
1015,26151.0
1016,26153.0
1017,26155.0
1018,26159.0
1019,26161.0
1020,26165.0
1021,27001.0
1022,27003.0
1023,27005.0
1024,27007.0
1025,27011.0
1026,27013.0
1027,27015.0
1028,27017.0
1029,27019.0
1030,27021.0
1031,27023.0
1032,27025.0
1033,27027.0
1034,27029.0
1035,27031.0
1036,27037.0
1037,27039.0
1038,27041.0
1039,27043.0
1040,27045.0
1041,27047.0
1042,27049.0
1043,27051.0
1044,27053.0
1045,27055.0
1046,27057.0
1047,27059.0
1048,27063.0
1049,27065.0
1050,27071.0
1051,27073.0
1052,27075.0
1053,27077.0
1054,27079.0
1055,27081.0
1056,27083.0
1057,27085.0
1058,27087.0
1059,27089.0
1060,27093.0
1061,27095.0
1062,27097.0
1063,27099.0
1064,27103.0
1065,27107.0
1066,27109.0
1067,27111.0
1068,27113.0
1069,27115.0
1070,27117.0
1071,27119.0
1072,27121.0
1073,27123.0
1074,27125.0
1075,27127.0
1076,27131.0
1077,27133.0
1078,27135.0
1079,27139.0
1080,27141.0
1081,27143.0
1082,27145.0
1083,27147.0
1084,27149.0
1085,27155.0
1086,27157.0
1087,27159.0
1088,27161.0
1089,27165.0
1090,27167.0
1091,27171.0
1092,27173.0
1093,28001.0
1094,28003.0
1095,28005.0
1096,28009.0
1097,28011.0
1098,28013.0
1099,28015.0
1100,28017.0
1101,28019.0
1102,28021.0
1103,28027.0
1104,28029.0
1105,28031.0
1106,28033.0
1107,28035.0
1108,28037.0
1109,28039.0
1110,28041.0
1111,28043.0
1112,28045.0
1113,28047.0
1114,28049.0
1115,28051.0
1116,28053.0
1117,28055.0
1118,28057.0
1119,28059.0
1120,28063.0
1121,28065.0
1122,28067.0
1123,28069.0
1124,28071.0
1125,28073.0
1126,28075.0
1127,28079.0
1128,28081.0
1129,28083.0
1130,28085.0
1131,28087.0
1132,28089.0
1133,28091.0
1134,28095.0
1135,28097.0
1136,28099.0
1137,28101.0
1138,28103.0
1139,28105.0
1140,28107.0
1141,28109.0
1142,28111.0
1143,28115.0
1144,28117.0
1145,28119.0
1146,28121.0
1147,28125.0
1148,28127.0
1149,28129.0
1150,28131.0
1151,28137.0
1152,28139.0
1153,28141.0
1154,28143.0
1155,28145.0
1156,28151.0
1157,28153.0
1158,28155.0
1159,28157.0
1160,28161.0
1161,29001.0
1162,29005.0
1163,29009.0
1164,29011.0
1165,29013.0
1166,29017.0
1167,29021.0
1168,29023.0
1169,29025.0
1170,29029.0
1171,29031.0
1172,29033.0
1173,29035.0
1174,29037.0
1175,29039.0
1176,29041.0
1177,29043.0
1178,29045.0
1179,29051.0
1180,29053.0
1181,29055.0
1182,29057.0
1183,29065.0
1184,29067.0
1185,29071.0
1186,29073.0
1187,29075.0
1188,29081.0
1189,29083.0
1190,29085.0
1191,29087.0
1192,29089.0
1193,29091.0
1194,29093.0
1195,29095.0
1196,29099.0
1197,29101.0
1198,29103.0
1199,29105.0
1200,29107.0
1201,29109.0
1202,29111.0
1203,29113.0
1204,29117.0
1205,29121.0
1206,29123.0
1207,29127.0
1208,29129.0
1209,29131.0
1210,29133.0
1211,29135.0
1212,29137.0
1213,29139.0
1214,29141.0
1215,29147.0
1216,29149.0
1217,29151.0
1218,29153.0
1219,29155.0
1220,29157.0
1221,29161.0
1222,29163.0
1223,29165.0
1224,29167.0
1225,29169.0
1226,29171.0
1227,29177.0
1228,29179.0
1229,29181.0
1230,29186.0
1231,29187.0
1232,29189.0
1233,29195.0
1234,29197.0
1235,29199.0
1236,29201.0
1237,29203.0
1238,29205.0
1239,29207.0
1240,29209.0
1241,29211.0
1242,29213.0
1243,29215.0
1244,29217.0
1245,29221.0
1246,29225.0
1247,29227.0
1248,29229.0
1249,29510.0
1250,30001.0
1251,30003.0
1252,30005.0
1253,30007.0
1254,30009.0
1255,30013.0
1256,30015.0
1257,30017.0
1258,30019.0
1259,30023.0
1260,30025.0
1261,30027.0
1262,30029.0
1263,30031.0
1264,30033.0
1265,30035.0
1266,30037.0
1267,30039.0
1268,30041.0
1269,30043.0
1270,30045.0
1271,30047.0
1272,30049.0
1273,30051.0
1274,30053.0
1275,30055.0
1276,30057.0
1277,30061.0
1278,30063.0
1279,30065.0
1280,30067.0
1281,30069.0
1282,30073.0
1283,30075.0
1284,30077.0
1285,30079.0
1286,30083.0
1287,30089.0
1288,30091.0
1289,30093.0
1290,30095.0
1291,30097.0
1292,30099.0
1293,30103.0
1294,30107.0
1295,30111.0
1296,31003.0
1297,31005.0
1298,31009.0
1299,31011.0
1300,31013.0
1301,31015.0
1302,31017.0
1303,31021.0
1304,31023.0
1305,31025.0
1306,31027.0
1307,31029.0
1308,31031.0
1309,31035.0
1310,31039.0
1311,31041.0
1312,31045.0
1313,31047.0
1314,31049.0
1315,31051.0
1316,31055.0
1317,31057.0
1318,31059.0
1319,31061.0
1320,31065.0
1321,31067.0
1322,31069.0
1323,31071.0
1324,31073.0
1325,31075.0
1326,31077.0
1327,31081.0
1328,31085.0
1329,31087.0
1330,31089.0
1331,31091.0
1332,31093.0
1333,31095.0
1334,31097.0
1335,31099.0
1336,31105.0
1337,31107.0
1338,31111.0
1339,31115.0
1340,31117.0
1341,31119.0
1342,31121.0
1343,31123.0
1344,31125.0
1345,31129.0
1346,31131.0
1347,31133.0
1348,31135.0
1349,31139.0
1350,31141.0
1351,31143.0
1352,31145.0
1353,31147.0
1354,31149.0
1355,31151.0
1356,31153.0
1357,31155.0
1358,31157.0
1359,31159.0
1360,31161.0
1361,31163.0
1362,31167.0
1363,31169.0
1364,31173.0
1365,31179.0
1366,31181.0
1367,31183.0
1368,31185.0
1369,32001.0
1370,32003.0
1371,32005.0
1372,32007.0
1373,32009.0
1374,32013.0
1375,32015.0
1376,32017.0
1377,32019.0
1378,32021.0
1379,32023.0
1380,32029.0
1381,32031.0
1382,32033.0
1383,33001.0
1384,33003.0
1385,33005.0
1386,33007.0
1387,33011.0
1388,33013.0
1389,33017.0
1390,33019.0
1391,34001.0
1392,34003.0
1393,34009.0
1394,34011.0
1395,34013.0
1396,34015.0
1397,34017.0
1398,34019.0
1399,34021.0
1400,34023.0
1401,34025.0
1402,34027.0
1403,34029.0
1404,34031.0
1405,34033.0
1406,34035.0
1407,34039.0
1408,34041.0
1409,35001.0
1410,35003.0
1411,35005.0
1412,35007.0
1413,35009.0
1414,35013.0
1415,35015.0
1416,35017.0
1417,35019.0
1418,35021.0
1419,35023.0
1420,35027.0
1421,35028.0
1422,35029.0
1423,35031.0
1424,35041.0
1425,35045.0
1426,35051.0
1427,35053.0
1428,35059.0
1429,36001.0
1430,36003.0
1431,36007.0
1432,36009.0
1433,36011.0
1434,36013.0
1435,36017.0
1436,36019.0
1437,36021.0
1438,36023.0
1439,36025.0
1440,36027.0
1441,36029.0
1442,36031.0
1443,36033.0
1444,36037.0
1445,36039.0
1446,36041.0
1447,36043.0
1448,36047.0
1449,36049.0
1450,36051.0
1451,36053.0
1452,36055.0
1453,36057.0
1454,36059.0
1455,36061.0
1456,36063.0
1457,36065.0
1458,36067.0
1459,36069.0
1460,36073.0
1461,36077.0
1462,36079.0
1463,36081.0
1464,36083.0
1465,36085.0
1466,36087.0
1467,36089.0
1468,36091.0
1469,36093.0
1470,36095.0
1471,36097.0
1472,36099.0
1473,36101.0
1474,36103.0
1475,36107.0
1476,36109.0
1477,36111.0
1478,36113.0
1479,36115.0
1480,36117.0
1481,36119.0
1482,36121.0
1483,37001.0
1484,37003.0
1485,37005.0
1486,37007.0
1487,37009.0
1488,37011.0
1489,37015.0
1490,37017.0
1491,37019.0
1492,37021.0
1493,37023.0
1494,37025.0
1495,37027.0
1496,37031.0
1497,37035.0
1498,37039.0
1499,37041.0
1500,37043.0
1501,37047.0
1502,37053.0
1503,37055.0
1504,37059.0
1505,37061.0
1506,37063.0
1507,37065.0
1508,37071.0
1509,37073.0
1510,37077.0
1511,37079.0
1512,37081.0
1513,37083.0
1514,37085.0
1515,37087.0
1516,37089.0
1517,37091.0
1518,37093.0
1519,37095.0
1520,37097.0
1521,37099.0
1522,37101.0
1523,37103.0
1524,37107.0
1525,37109.0
1526,37113.0
1527,37115.0
1528,37117.0
1529,37121.0
1530,37123.0
1531,37125.0
1532,37127.0
1533,37129.0
1534,37131.0
1535,37133.0
1536,37135.0
1537,37137.0
1538,37139.0
1539,37141.0
1540,37143.0
1541,37145.0
1542,37147.0
1543,37151.0
1544,37157.0
1545,37161.0
1546,37163.0
1547,37165.0
1548,37167.0
1549,37169.0
1550,37171.0
1551,37173.0
1552,37175.0
1553,37177.0
1554,37179.0
1555,37181.0
1556,37183.0
1557,37187.0
1558,37189.0
1559,37191.0
1560,37197.0
1561,37199.0
1562,38001.0
1563,38003.0
1564,38005.0
1565,38007.0
1566,38015.0
1567,38017.0
1568,38019.0
1569,38021.0
1570,38025.0
1571,38027.0
1572,38029.0
1573,38033.0
1574,38035.0
1575,38037.0
1576,38039.0
1577,38041.0
1578,38043.0
1579,38045.0
1580,38049.0
1581,38051.0
1582,38053.0
1583,38055.0
1584,38061.0
1585,38063.0
1586,38065.0
1587,38067.0
1588,38069.0
1589,38071.0
1590,38073.0
1591,38083.0
1592,38085.0
1593,38089.0
1594,38091.0
1595,38093.0
1596,38095.0
1597,38097.0
1598,38101.0
1599,38103.0
1600,38105.0
1601,39001.0
1602,39003.0
1603,39005.0
1604,39009.0
1605,39011.0
1606,39013.0
1607,39015.0
1608,39019.0
1609,39021.0
1610,39023.0
1611,39029.0
1612,39031.0
1613,39033.0
1614,39035.0
1615,39037.0
1616,39039.0
1617,39041.0
1618,39043.0
1619,39045.0
1620,39047.0
1621,39049.0
1622,39053.0
1623,39055.0
1624,39057.0
1625,39059.0
1626,39061.0
1627,39063.0
1628,39065.0
1629,39067.0
1630,39069.0
1631,39071.0
1632,39077.0
1633,39081.0
1634,39083.0
1635,39085.0
1636,39089.0
1637,39091.0
1638,39093.0
1639,39095.0
1640,39097.0
1641,39099.0
1642,39101.0
1643,39103.0
1644,39105.0
1645,39107.0
1646,39109.0
1647,39111.0
1648,39113.0
1649,39115.0
1650,39117.0
1651,39119.0
1652,39121.0
1653,39123.0
1654,39125.0
1655,39127.0
1656,39129.0
1657,39133.0
1658,39135.0
1659,39137.0
1660,39141.0
1661,39143.0
1662,39147.0
1663,39149.0
1664,39151.0
1665,39153.0
1666,39155.0
1667,39159.0
1668,39163.0
1669,39165.0
1670,39167.0
1671,39169.0
1672,39173.0
1673,40003.0
1674,40005.0
1675,40007.0
1676,40009.0
1677,40011.0
1678,40013.0
1679,40015.0
1680,40019.0
1681,40021.0
1682,40023.0
1683,40025.0
1684,40027.0
1685,40031.0
1686,40035.0
1687,40037.0
1688,40039.0
1689,40041.0
1690,40043.0
1691,40045.0
1692,40047.0
1693,40049.0
1694,40051.0
1695,40053.0
1696,40055.0
1697,40057.0
1698,40059.0
1699,40061.0
1700,40063.0
1701,40065.0
1702,40067.0
1703,40069.0
1704,40071.0
1705,40073.0
1706,40079.0
1707,40081.0
1708,40083.0
1709,40085.0
1710,40091.0
1711,40097.0
1712,40099.0
1713,40101.0
1714,40103.0
1715,40105.0
1716,40107.0
1717,40109.0
1718,40111.0
1719,40113.0
1720,40115.0
1721,40117.0
1722,40121.0
1723,40123.0
1724,40127.0
1725,40129.0
1726,40131.0
1727,40133.0
1728,40135.0
1729,40137.0
1730,40139.0
1731,40143.0
1732,40147.0
1733,40149.0
1734,40151.0
1735,40153.0
1736,41001.0
1737,41005.0
1738,41007.0
1739,41009.0
1740,41011.0
1741,41013.0
1742,41015.0
1743,41017.0
1744,41019.0
1745,41021.0
1746,41023.0
1747,41027.0
1748,41031.0
1749,41035.0
1750,41037.0
1751,41039.0
1752,41041.0
1753,41045.0
1754,41047.0
1755,41049.0
1756,41053.0
1757,41055.0
1758,41057.0
1759,41061.0
1760,41065.0
1761,41067.0
1762,41071.0
1763,42007.0
1764,42009.0
1765,42015.0
1766,42017.0
1767,42019.0
1768,42021.0
1769,42027.0
1770,42029.0
1771,42031.0
1772,42033.0
1773,42035.0
1774,42037.0
1775,42039.0
1776,42041.0
1777,42043.0
1778,42049.0
1779,42051.0
1780,42053.0
1781,42055.0
1782,42057.0
1783,42059.0
1784,42061.0
1785,42065.0
1786,42067.0
1787,42069.0
1788,42073.0
1789,42075.0
1790,42077.0
1791,42079.0
1792,42081.0
1793,42083.0
1794,42087.0
1795,42089.0
1796,42091.0
1797,42093.0
1798,42095.0
1799,42099.0
1800,42105.0
1801,42107.0
1802,42109.0
1803,42111.0
1804,42113.0
1805,42115.0
1806,42119.0
1807,42121.0
1808,42123.0
1809,42129.0
1810,42131.0
1811,42133.0
1812,44001.0
1813,44003.0
1814,44005.0
1815,44009.0
1816,45001.0
1817,45003.0
1818,45005.0
1819,45007.0
1820,45009.0
1821,45011.0
1822,45015.0
1823,45017.0
1824,45019.0
1825,45021.0
1826,45023.0
1827,45025.0
1828,45027.0
1829,45029.0
1830,45033.0
1831,45035.0
1832,45037.0
1833,45039.0
1834,45041.0
1835,45043.0
1836,45045.0
1837,45047.0
1838,45049.0
1839,45051.0
1840,45053.0
1841,45055.0
1842,45057.0
1843,45061.0
1844,45065.0
1845,45069.0
1846,45071.0
1847,45073.0
1848,45075.0
1849,45079.0
1850,45081.0
1851,45083.0
1852,45085.0
1853,45089.0
1854,45091.0
1855,46007.0
1856,46009.0
1857,46017.0
1858,46019.0
1859,46021.0
1860,46023.0
1861,46025.0
1862,46027.0
1863,46029.0
1864,46033.0
1865,46037.0
1866,46043.0
1867,46045.0
1868,46047.0
1869,46049.0
1870,46051.0
1871,46053.0
1872,46055.0
1873,46061.0
1874,46063.0
1875,46065.0
1876,46069.0
1877,46071.0
1878,46073.0
1879,46075.0
1880,46077.0
1881,46079.0
1882,46083.0
1883,46085.0
1884,46087.0
1885,46089.0
1886,46091.0
1887,46093.0
1888,46095.0
1889,46097.0
1890,46101.0
1891,46102.0
1892,46103.0
1893,46105.0
1894,46107.0
1895,46111.0
1896,46115.0
1897,46117.0
1898,46121.0
1899,46123.0
1900,46125.0
1901,46127.0
1902,46129.0
1903,46135.0
1904,46137.0
1905,47001.0
1906,47003.0
1907,47005.0
1908,47007.0
1909,47009.0
1910,47013.0
1911,47015.0
1912,47017.0
1913,47019.0
1914,47023.0
1915,47025.0
1916,47029.0
1917,47031.0
1918,47033.0
1919,47035.0
1920,47037.0
1921,47043.0
1922,47045.0
1923,47047.0
1924,47049.0
1925,47053.0
1926,47057.0
1927,47059.0
1928,47061.0
1929,47063.0
1930,47065.0
1931,47071.0
1932,47073.0
1933,47075.0
1934,47077.0
1935,47079.0
1936,47081.0
1937,47083.0
1938,47085.0
1939,47089.0
1940,47095.0
1941,47097.0
1942,47099.0
1943,47101.0
1944,47105.0
1945,47107.0
1946,47109.0
1947,47111.0
1948,47113.0
1949,47115.0
1950,47119.0
1951,47123.0
1952,47125.0
1953,47127.0
1954,47131.0
1955,47133.0
1956,47135.0
1957,47137.0
1958,47145.0
1959,47149.0
1960,47151.0
1961,47153.0
1962,47155.0
1963,47157.0
1964,47159.0
1965,47161.0
1966,47167.0
1967,47169.0
1968,47171.0
1969,47173.0
1970,47175.0
1971,47177.0
1972,47179.0
1973,47181.0
1974,47183.0
1975,47187.0
1976,47189.0
1977,48001.0
1978,48003.0
1979,48005.0
1980,48007.0
1981,48009.0
1982,48011.0
1983,48013.0
1984,48015.0
1985,48017.0
1986,48019.0
1987,48023.0
1988,48025.0
1989,48027.0
1990,48029.0
1991,48033.0
1992,48039.0
1993,48041.0
1994,48043.0
1995,48045.0
1996,48047.0
1997,48049.0
1998,48051.0
1999,48053.0
2000,48061.0
2001,48063.0
2002,48067.0
2003,48069.0
2004,48073.0
2005,48075.0
2006,48077.0
2007,48079.0
2008,48081.0
2009,48083.0
2010,48085.0
2011,48087.0
2012,48089.0
2013,48091.0
2014,48093.0
2015,48095.0
2016,48097.0
2017,48099.0
2018,48101.0
2019,48103.0
2020,48105.0
2021,48107.0
2022,48109.0
2023,48113.0
2024,48117.0
2025,48119.0
2026,48121.0
2027,48123.0
2028,48125.0
2029,48127.0
2030,48131.0
2031,48133.0
2032,48135.0
2033,48137.0
2034,48143.0
2035,48145.0
2036,48149.0
2037,48151.0
2038,48155.0
2039,48157.0
2040,48159.0
2041,48161.0
2042,48163.0
2043,48165.0
2044,48167.0
2045,48169.0
2046,48171.0
2047,48175.0
2048,48179.0
2049,48181.0
2050,48183.0
2051,48185.0
2052,48187.0
2053,48193.0
2054,48199.0
2055,48201.0
2056,48205.0
2057,48207.0
2058,48209.0
2059,48211.0
2060,48213.0
2061,48217.0
2062,48221.0
2063,48225.0
2064,48227.0
2065,48229.0
2066,48231.0
2067,48233.0
2068,48237.0
2069,48241.0
2070,48243.0
2071,48245.0
2072,48247.0
2073,48249.0
2074,48253.0
2075,48255.0
2076,48257.0
2077,48259.0
2078,48263.0
2079,48265.0
2080,48267.0
2081,48273.0
2082,48277.0
2083,48279.0
2084,48281.0
2085,48285.0
2086,48287.0
2087,48289.0
2088,48291.0
2089,48293.0
2090,48295.0
2091,48297.0
2092,48299.0
2093,48301.0
2094,48303.0
2095,48305.0
2096,48307.0
2097,48309.0
2098,48311.0
2099,48315.0
2100,48317.0
2101,48319.0
2102,48321.0
2103,48323.0
2104,48325.0
2105,48329.0
2106,48331.0
2107,48335.0
2108,48339.0
2109,48341.0
2110,48343.0
2111,48347.0
2112,48349.0
2113,48351.0
2114,48353.0
2115,48355.0
2116,48357.0
2117,48359.0
2118,48363.0
2119,48365.0
2120,48367.0
2121,48369.0
2122,48371.0
2123,48373.0
2124,48375.0
2125,48377.0
2126,48379.0
2127,48381.0
2128,48383.0
2129,48385.0
2130,48387.0
2131,48389.0
2132,48393.0
2133,48395.0
2134,48397.0
2135,48401.0
2136,48407.0
2137,48411.0
2138,48413.0
2139,48415.0
2140,48417.0
2141,48421.0
2142,48425.0
2143,48427.0
2144,48429.0
2145,48431.0
2146,48433.0
2147,48439.0
2148,48441.0
2149,48445.0
2150,48447.0
2151,48449.0
2152,48451.0
2153,48453.0
2154,48459.0
2155,48461.0
2156,48463.0
2157,48465.0
2158,48467.0
2159,48471.0
2160,48473.0
2161,48479.0
2162,48481.0
2163,48483.0
2164,48485.0
2165,48487.0
2166,48489.0
2167,48491.0
2168,48493.0
2169,48495.0
2170,48497.0
2171,48501.0
2172,48507.0
2173,49001.0
2174,49003.0
2175,49005.0
2176,49007.0
2177,49009.0
2178,49011.0
2179,49013.0
2180,49015.0
2181,49017.0
2182,49019.0
2183,49021.0
2184,49023.0
2185,49025.0
2186,49029.0
2187,49031.0
2188,49033.0
2189,49035.0
2190,49037.0
2191,49039.0
2192,49041.0
2193,49043.0
2194,49047.0
2195,49049.0
2196,49053.0
2197,49055.0
2198,49057.0
2199,50003.0
2200,50007.0
2201,50009.0
2202,50011.0
2203,50013.0
2204,50015.0
2205,50019.0
2206,50021.0
2207,50025.0
2208,50027.0
2209,51001.0
2210,51003.0
2211,51005.0
2212,51007.0
2213,51011.0
2214,51013.0
2215,51015.0
2216,51017.0
2217,51019.0
2218,51023.0
2219,51029.0
2220,51031.0
2221,51035.0
2222,51036.0
2223,51041.0
2224,51043.0
2225,51045.0
2226,51047.0
2227,51049.0
2228,51051.0
2229,51053.0
2230,51057.0
2231,51059.0
2232,51061.0
2233,51063.0
2234,51065.0
2235,51067.0
2236,51069.0
2237,51071.0
2238,51077.0
2239,51079.0
2240,51081.0
2241,51083.0
2242,51089.0
2243,51099.0
2244,51101.0
2245,51103.0
2246,51105.0
2247,51109.0
2248,51111.0
2249,51113.0
2250,51115.0
2251,51117.0
2252,51119.0
2253,51125.0
2254,51127.0
2255,51131.0
2256,51133.0
2257,51135.0
2258,51137.0
2259,51139.0
2260,51147.0
2261,51149.0
2262,51153.0
2263,51155.0
2264,51157.0
2265,51159.0
2266,51163.0
2267,51165.0
2268,51167.0
2269,51169.0
2270,51171.0
2271,51177.0
2272,51181.0
2273,51183.0
2274,51185.0
2275,51187.0
2276,51191.0
2277,51193.0
2278,51195.0
2279,51199.0
2280,51510.0
2281,51515.0
2282,51520.0
2283,51530.0
2284,51540.0
2285,51550.0
2286,51570.0
2287,51590.0
2288,51600.0
2289,51610.0
2290,51620.0
2291,51640.0
2292,51650.0
2293,51660.0
2294,51670.0
2295,51678.0
2296,51680.0
2297,51683.0
2298,51685.0
2299,51690.0
2300,51700.0
2301,51720.0
2302,51730.0
2303,51735.0
2304,51740.0
2305,51750.0
2306,51760.0
2307,51770.0
2308,51775.0
2309,51790.0
2310,51800.0
2311,51820.0
2312,51840.0
2313,53001.0
2314,53003.0
2315,53005.0
2316,53007.0
2317,53011.0
2318,53013.0
2319,53015.0
2320,53017.0
2321,53019.0
2322,53023.0
2323,53025.0
2324,53027.0
2325,53033.0
2326,53035.0
2327,53037.0
2328,53039.0
2329,53041.0
2330,53043.0
2331,53047.0
2332,53051.0
2333,53053.0
2334,53055.0
2335,53057.0
2336,53059.0
2337,53061.0
2338,53065.0
2339,53067.0
2340,53069.0
2341,53071.0
2342,53073.0
2343,53075.0
2344,53077.0
2345,54001.0
2346,54003.0
2347,54007.0
2348,54009.0
2349,54011.0
2350,54013.0
2351,54017.0
2352,54019.0
2353,54021.0
2354,54025.0
2355,54029.0
2356,54031.0
2357,54035.0
2358,54037.0
2359,54039.0
2360,54041.0
2361,54043.0
2362,54045.0
2363,54047.0
2364,54049.0
2365,54051.0
2366,54053.0
2367,54055.0
2368,54057.0
2369,54059.0
2370,54061.0
2371,54065.0
2372,54073.0
2373,54075.0
2374,54077.0
2375,54079.0
2376,54081.0
2377,54083.0
2378,54085.0
2379,54087.0
2380,54089.0
2381,54097.0
2382,54099.0
2383,54101.0
2384,54103.0
2385,54107.0
2386,54109.0
2387,55003.0
2388,55005.0
2389,55009.0
2390,55011.0
2391,55013.0
2392,55015.0
2393,55017.0
2394,55019.0
2395,55027.0
2396,55029.0
2397,55031.0
2398,55035.0
2399,55037.0
2400,55039.0
2401,55041.0
2402,55045.0
2403,55049.0
2404,55051.0
2405,55053.0
2406,55055.0
2407,55057.0
2408,55059.0
2409,55061.0
2410,55065.0
2411,55067.0
2412,55069.0
2413,55073.0
2414,55078.0
2415,55083.0
2416,55087.0
2417,55089.0
2418,55091.0
2419,55097.0
2420,55099.0
2421,55101.0
2422,55103.0
2423,55105.0
2424,55107.0
2425,55109.0
2426,55111.0
2427,55113.0
2428,55115.0
2429,55117.0
2430,55119.0
2431,55121.0
2432,55123.0
2433,55125.0
2434,55129.0
2435,55131.0
2436,55133.0
2437,55135.0
2438,55137.0
2439,55139.0
2440,55141.0
2441,56001.0
2442,56003.0
2443,56005.0
2444,56007.0
2445,56009.0
2446,56011.0
2447,56013.0
2448,56015.0
2449,56019.0
2450,56021.0
2451,56025.0
2452,56031.0
2453,56033.0
2454,56037.0
2455,56041.0
2456,56043.0
